"category","SK_group","SK_rank","mean_val"
"ARH","a",1,29.6204680235913
"ARA","b",2,11.295941487069
"HRH","c",3,4.06696118735542
"HRA","c",3,3.84966286109404
