"feed_type","Rank","Mean_ATC","Median_ATC","N"
"Understanding",1,2.14762834821429,2,35840
"External Impact",2,1.96893317702227,2,1706
"Defects",2,1.88489208633094,2,8062
"Testing",2,1.81457345971564,2,3376
"Code Improvement",3,1.55977442292199,1,57098
"Knowledge Transfer",3,1.53457330415755,1,4570
"Social Communication",4,1.35129906025428,1,3618
