"feed_type","Rank","Mean_ATC","Median_ATC","N"
"Understanding",1,2.33007985803017,2,1127
"Defects",2,2.06719367588933,2,506
"Testing",2,2.03989361702128,2,376
"Code Improvement",3,1.90159798149706,2,3567
"Social Communication",3,1.87009063444109,2,331
"Knowledge Transfer",3,1.76123595505618,2,356
